Algorithm,Vertices,Probability,VC_Size,Runtime
GreedyMIS,100,0.03,55,5.1021575927734375e-05
NeighborCover,100,0.03,47,0.00017309188842773438
ParallelNeighborCover,100,0.03,49,0.00010180473327636719
LP_Rounding,100,0.03,45,0.8698811531066895
GreedyMIS,100,0.03,53,6.198883056640625e-05
NeighborCover,100,0.03,54,0.0001480579376220703
ParallelNeighborCover,100,0.03,52,9.393692016601562e-05
LP_Rounding,100,0.03,84,0.022919893264770508
GreedyMIS,100,0.03,53,5.698204040527344e-05
NeighborCover,100,0.03,50,0.00016498565673828125
ParallelNeighborCover,100,0.03,52,9.179115295410156e-05
LP_Rounding,100,0.03,87,0.022755861282348633
GreedyMIS,100,0.02,45,6.389617919921875e-05
NeighborCover,100,0.02,47,0.00019478797912597656
ParallelNeighborCover,100,0.02,44,8.511543273925781e-05
LP_Rounding,100,0.02,41,0.021606922149658203
GreedyMIS,100,0.02,43,6.413459777832031e-05
NeighborCover,100,0.02,46,0.00018405914306640625
ParallelNeighborCover,100,0.02,42,8.082389831542969e-05
LP_Rounding,100,0.02,37,0.02120494842529297
GreedyMIS,100,0.02,48,5.507469177246094e-05
NeighborCover,100,0.02,44,0.0001811981201171875
ParallelNeighborCover,100,0.02,45,7.510185241699219e-05
LP_Rounding,100,0.02,79,0.021789073944091797
GreedyMIS,100,0.01,29,5.5789947509765625e-05
NeighborCover,100,0.01,32,0.0002219676971435547
ParallelNeighborCover,100,0.01,30,8.988380432128906e-05
LP_Rounding,100,0.01,27,0.020549297332763672
GreedyMIS,100,0.01,30,5.507469177246094e-05
NeighborCover,100,0.01,29,0.0002410411834716797
ParallelNeighborCover,100,0.01,29,6.890296936035156e-05
LP_Rounding,100,0.01,26,0.021353960037231445
GreedyMIS,100,0.01,29,5.1975250244140625e-05
NeighborCover,100,0.01,29,0.00023221969604492188
ParallelNeighborCover,100,0.01,30,6.771087646484375e-05
LP_Rounding,100,0.01,41,0.020633935928344727
GreedyMIS,100,0.005,16,5.91278076171875e-05
NeighborCover,100,0.005,16,0.0002880096435546875
ParallelNeighborCover,100,0.005,15,6.29425048828125e-05
LP_Rounding,100,0.005,15,0.03039097785949707
GreedyMIS,100,0.005,24,9.298324584960938e-05
NeighborCover,100,0.005,23,0.00035500526428222656
ParallelNeighborCover,100,0.005,24,8.225440979003906e-05
LP_Rounding,100,0.005,23,0.03321099281311035
GreedyMIS,100,0.005,24,8.821487426757812e-05
NeighborCover,100,0.005,25,0.00027370452880859375
ParallelNeighborCover,100,0.005,24,7.295608520507812e-05
LP_Rounding,100,0.005,23,0.02205204963684082
GreedyMIS,100,0.003,11,6.508827209472656e-05
NeighborCover,100,0.003,10,0.0003173351287841797
ParallelNeighborCover,100,0.003,11,6.508827209472656e-05
LP_Rounding,100,0.003,10,0.021090984344482422
GreedyMIS,100,0.003,12,5.984306335449219e-05
NeighborCover,100,0.003,12,0.0003058910369873047
ParallelNeighborCover,100,0.003,11,5.888938903808594e-05
LP_Rounding,100,0.003,10,0.020689964294433594
GreedyMIS,100,0.003,14,5.984306335449219e-05
NeighborCover,100,0.003,14,0.0003082752227783203
ParallelNeighborCover,100,0.003,14,6.127357482910156e-05
LP_Rounding,100,0.003,14,0.029314041137695312
GreedyMIS,100,0.002,4,9.512901306152344e-05
NeighborCover,100,0.002,4,0.0003509521484375
ParallelNeighborCover,100,0.002,4,6.318092346191406e-05
LP_Rounding,100,0.002,4,0.024795055389404297
GreedyMIS,100,0.002,12,6.413459777832031e-05
NeighborCover,100,0.002,12,0.0003173351287841797
ParallelNeighborCover,100,0.002,12,6.318092346191406e-05
LP_Rounding,100,0.002,11,0.02134108543395996
GreedyMIS,100,0.002,9,5.91278076171875e-05
NeighborCover,100,0.002,9,0.00031113624572753906
ParallelNeighborCover,100,0.002,9,5.4836273193359375e-05
LP_Rounding,100,0.002,9,0.020364761352539062
GreedyMIS,100,0.0005,6,6.461143493652344e-05
NeighborCover,100,0.0005,7,0.00033593177795410156
ParallelNeighborCover,100,0.0005,7,6.031990051269531e-05
LP_Rounding,100,0.0005,6,0.021891117095947266
GreedyMIS,100,0.0005,1,5.7220458984375e-05
NeighborCover,100,0.0005,1,0.00034618377685546875
ParallelNeighborCover,100,0.0005,1,5.3882598876953125e-05
LP_Rounding,100,0.0005,1,0.020409822463989258
GreedyMIS,100,0.0005,3,7.295608520507812e-05
NeighborCover,100,0.0005,3,0.00036025047302246094
ParallelNeighborCover,100,0.0005,3,5.602836608886719e-05
LP_Rounding,100,0.0005,3,0.03130912780761719
GreedyMIS,200,0.03,142,0.00011205673217773438
NeighborCover,200,0.03,138,0.00031185150146484375
ParallelNeighborCover,200,0.03,140,0.00021004676818847656
LP_Rounding,200,0.03,200,0.030742645263671875
GreedyMIS,200,0.03,140,0.0001251697540283203
NeighborCover,200,0.03,137,0.0003361701965332031
ParallelNeighborCover,200,0.03,139,0.00019097328186035156
LP_Rounding,200,0.03,199,0.030040979385375977
GreedyMIS,200,0.03,133,8.511543273925781e-05
NeighborCover,200,0.03,136,0.00032210350036621094
ParallelNeighborCover,200,0.03,134,0.00017690658569335938
LP_Rounding,200,0.03,200,0.028674840927124023
GreedyMIS,200,0.02,121,9.489059448242188e-05
NeighborCover,200,0.02,122,0.0004241466522216797
ParallelNeighborCover,200,0.02,118,0.00019598007202148438
LP_Rounding,200,0.02,195,0.026999711990356445
GreedyMIS,200,0.02,120,0.00010418891906738281
NeighborCover,200,0.02,119,0.0004119873046875
ParallelNeighborCover,200,0.02,119,0.0001900196075439453
LP_Rounding,200,0.02,197,0.027656078338623047
GreedyMIS,200,0.02,115,8.296966552734375e-05
NeighborCover,200,0.02,113,0.0004570484161376953
ParallelNeighborCover,200,0.02,115,0.00019598007202148438
LP_Rounding,200,0.02,188,0.026643991470336914
GreedyMIS,200,0.01,90,8.797645568847656e-05
NeighborCover,200,0.01,88,0.0005960464477539062
ParallelNeighborCover,200,0.01,95,0.0001468658447265625
LP_Rounding,200,0.01,113,0.025574207305908203
GreedyMIS,200,0.01,94,0.00010609626770019531
NeighborCover,200,0.01,94,0.0006349086761474609
ParallelNeighborCover,200,0.01,96,0.00016689300537109375
LP_Rounding,200,0.01,80,0.025315046310424805
GreedyMIS,200,0.01,90,9.107589721679688e-05
NeighborCover,200,0.01,98,0.0005509853363037109
ParallelNeighborCover,200,0.01,97,0.00015091896057128906
LP_Rounding,200,0.01,100,0.024713993072509766
GreedyMIS,200,0.005,61,0.00010228157043457031
NeighborCover,200,0.005,59,0.0008611679077148438
ParallelNeighborCover,200,0.005,55,0.00013208389282226562
LP_Rounding,200,0.005,53,0.02254796028137207
GreedyMIS,200,0.005,60,8.511543273925781e-05
NeighborCover,200,0.005,61,0.000759124755859375
ParallelNeighborCover,200,0.005,58,0.00012493133544921875
LP_Rounding,200,0.005,50,0.022478818893432617
GreedyMIS,200,0.005,64,9.012222290039062e-05
NeighborCover,200,0.005,66,0.0007753372192382812
ParallelNeighborCover,200,0.005,69,0.00013709068298339844
LP_Rounding,200,0.005,59,0.022813081741333008
GreedyMIS,200,0.003,45,8.797645568847656e-05
NeighborCover,200,0.003,43,0.0009031295776367188
ParallelNeighborCover,200,0.003,47,0.00012683868408203125
LP_Rounding,200,0.003,41,0.022626876831054688
GreedyMIS,200,0.003,40,8.296966552734375e-05
NeighborCover,200,0.003,42,0.0009109973907470703
ParallelNeighborCover,200,0.003,41,0.00011801719665527344
LP_Rounding,200,0.003,35,0.022124767303466797
GreedyMIS,200,0.003,51,8.606910705566406e-05
NeighborCover,200,0.003,53,0.0008208751678466797
ParallelNeighborCover,200,0.003,51,0.00011801719665527344
LP_Rounding,200,0.003,47,0.02264690399169922
GreedyMIS,200,0.002,37,0.00010418891906738281
NeighborCover,200,0.002,39,0.0008761882781982422
ParallelNeighborCover,200,0.002,36,0.00011086463928222656
LP_Rounding,200,0.002,33,0.02243518829345703
GreedyMIS,200,0.002,33,0.0001068115234375
NeighborCover,200,0.002,31,0.0010058879852294922
ParallelNeighborCover,200,0.002,34,0.00012683868408203125
LP_Rounding,200,0.002,29,0.02221202850341797
GreedyMIS,200,0.002,34,0.0001251697540283203
NeighborCover,200,0.002,35,0.0009799003601074219
ParallelNeighborCover,200,0.002,36,0.00011897087097167969
LP_Rounding,200,0.002,31,0.021286725997924805
GreedyMIS,200,0.0005,4,9.226799011230469e-05
NeighborCover,200,0.0005,4,0.0011630058288574219
ParallelNeighborCover,200,0.0005,4,9.799003601074219e-05
LP_Rounding,200,0.0005,4,0.022369861602783203
GreedyMIS,200,0.0005,10,0.000102996826171875
NeighborCover,200,0.0005,9,0.0012679100036621094
ParallelNeighborCover,200,0.0005,10,0.00016689300537109375
LP_Rounding,200,0.0005,9,0.022175073623657227
GreedyMIS,200,0.0005,7,0.00010609626770019531
NeighborCover,200,0.0005,7,0.0012230873107910156
ParallelNeighborCover,200,0.0005,8,0.00011181831359863281
LP_Rounding,200,0.0005,7,0.022105932235717773
GreedyMIS,500,0.03,403,0.0002071857452392578
NeighborCover,500,0.03,406,0.001027822494506836
ParallelNeighborCover,500,0.03,416,0.0005679130554199219
LP_Rounding,500,0.03,500,0.06872320175170898
GreedyMIS,500,0.03,404,0.00021719932556152344
NeighborCover,500,0.03,410,0.0009646415710449219
ParallelNeighborCover,500,0.03,401,0.0005900859832763672
LP_Rounding,500,0.03,500,0.0672299861907959
GreedyMIS,500,0.03,403,0.00022792816162109375
NeighborCover,500,0.03,407,0.0010180473327636719
ParallelNeighborCover,500,0.03,402,0.0005962848663330078
LP_Rounding,500,0.03,500,0.06758809089660645
GreedyMIS,500,0.02,376,0.0002129077911376953
NeighborCover,500,0.02,376,0.0013000965118408203
ParallelNeighborCover,500,0.02,383,0.0005669593811035156
LP_Rounding,500,0.02,500,0.0552370548248291
GreedyMIS,500,0.02,380,0.00021791458129882812
NeighborCover,500,0.02,387,0.0011997222900390625
ParallelNeighborCover,500,0.02,390,0.0005581378936767578
LP_Rounding,500,0.02,500,0.05700802803039551
GreedyMIS,500,0.02,385,0.0002529621124267578
NeighborCover,500,0.02,370,0.0014390945434570312
ParallelNeighborCover,500,0.02,383,0.0005252361297607422
LP_Rounding,500,0.02,500,0.05455470085144043
GreedyMIS,500,0.01,328,0.00019931793212890625
NeighborCover,500,0.01,326,0.0019521713256835938
ParallelNeighborCover,500,0.01,313,0.0004999637603759766
LP_Rounding,500,0.01,498,0.0396730899810791
GreedyMIS,500,0.01,313,0.00020503997802734375
NeighborCover,500,0.01,315,0.002010345458984375
ParallelNeighborCover,500,0.01,324,0.0004601478576660156
LP_Rounding,500,0.01,498,0.0402224063873291
GreedyMIS,500,0.01,312,0.00022792816162109375
NeighborCover,500,0.01,317,0.0020880699157714844
ParallelNeighborCover,500,0.01,324,0.00046825408935546875
LP_Rounding,500,0.01,493,0.040086984634399414
GreedyMIS,500,0.005,253,0.00021195411682128906
NeighborCover,500,0.005,252,0.0030028820037841797
ParallelNeighborCover,500,0.005,255,0.00041174888610839844
LP_Rounding,500,0.005,398,0.032746076583862305
GreedyMIS,500,0.005,261,0.00022411346435546875
NeighborCover,500,0.005,258,0.002894163131713867
ParallelNeighborCover,500,0.005,263,0.0004131793975830078
LP_Rounding,500,0.005,226,0.03313112258911133
GreedyMIS,500,0.005,249,0.0002288818359375
NeighborCover,500,0.005,249,0.0037407875061035156
ParallelNeighborCover,500,0.005,245,0.0004990100860595703
LP_Rounding,500,0.005,224,0.0342869758605957
GreedyMIS,500,0.003,179,0.00021791458129882812
NeighborCover,500,0.003,177,0.004686832427978516
ParallelNeighborCover,500,0.003,179,0.0003647804260253906
LP_Rounding,500,0.003,163,0.02918386459350586
GreedyMIS,500,0.003,190,0.00023293495178222656
NeighborCover,500,0.003,189,0.004461765289306641
ParallelNeighborCover,500,0.003,194,0.0003769397735595703
LP_Rounding,500,0.003,168,0.06022906303405762
GreedyMIS,500,0.003,195,0.0002338886260986328
NeighborCover,500,0.003,191,0.004483699798583984
ParallelNeighborCover,500,0.003,192,0.0004968643188476562
LP_Rounding,500,0.003,166,0.02979111671447754
GreedyMIS,500,0.002,160,0.0002167224884033203
NeighborCover,500,0.002,152,0.00513911247253418
ParallelNeighborCover,500,0.002,161,0.0003440380096435547
LP_Rounding,500,0.002,140,0.028738021850585938
GreedyMIS,500,0.002,160,0.00020885467529296875
NeighborCover,500,0.002,157,0.005040884017944336
ParallelNeighborCover,500,0.002,162,0.000431060791015625
LP_Rounding,500,0.002,141,0.028081178665161133
GreedyMIS,500,0.002,158,0.00023102760314941406
NeighborCover,500,0.002,154,0.0050928592681884766
ParallelNeighborCover,500,0.002,160,0.0003609657287597656
LP_Rounding,500,0.002,139,0.028688907623291016
GreedyMIS,500,0.0005,46,0.00020003318786621094
NeighborCover,500,0.0005,50,0.006607770919799805
ParallelNeighborCover,500,0.0005,49,0.0002651214599609375
LP_Rounding,500,0.0005,45,0.025895118713378906
GreedyMIS,500,0.0005,59,0.0002238750457763672
NeighborCover,500,0.0005,59,0.0066912174224853516
ParallelNeighborCover,500,0.0005,59,0.0002949237823486328
LP_Rounding,500,0.0005,57,0.025297164916992188
GreedyMIS,500,0.0005,59,0.00020575523376464844
NeighborCover,500,0.0005,57,0.0063800811767578125
ParallelNeighborCover,500,0.0005,56,0.0002779960632324219
LP_Rounding,500,0.0005,55,0.025027990341186523
GreedyMIS,1000,0.03,888,0.00045490264892578125
NeighborCover,1000,0.03,888,0.0021228790283203125
ParallelNeighborCover,1000,0.03,889,0.001489877700805664
LP_Rounding,1000,0.03,1000,0.19410991668701172
GreedyMIS,1000,0.03,890,0.0004360675811767578
NeighborCover,1000,0.03,879,0.0021581649780273438
ParallelNeighborCover,1000,0.03,891,0.0013082027435302734
LP_Rounding,1000,0.03,1000,0.2218928337097168
GreedyMIS,1000,0.03,886,0.0004680156707763672
NeighborCover,1000,0.03,887,0.002009868621826172
ParallelNeighborCover,1000,0.03,889,0.001293182373046875
LP_Rounding,1000,0.03,1000,0.2342226505279541
GreedyMIS,1000,0.02,847,0.0005319118499755859
NeighborCover,1000,0.02,851,0.0030100345611572266
ParallelNeighborCover,1000,0.02,856,0.0013072490692138672
LP_Rounding,1000,0.02,1000,0.15248823165893555
GreedyMIS,1000,0.02,848,0.0004589557647705078
NeighborCover,1000,0.02,857,0.0026197433471679688
ParallelNeighborCover,1000,0.02,851,0.0012600421905517578
LP_Rounding,1000,0.02,1000,0.18188905715942383
GreedyMIS,1000,0.02,840,0.00041294097900390625
NeighborCover,1000,0.02,855,0.002871990203857422
ParallelNeighborCover,1000,0.02,848,0.0013549327850341797
LP_Rounding,1000,0.02,1000,0.1526780128479004
GreedyMIS,1000,0.01,760,0.00043010711669921875
NeighborCover,1000,0.01,760,0.004795074462890625
ParallelNeighborCover,1000,0.01,756,0.0010869503021240234
LP_Rounding,1000,0.01,1000,0.12595081329345703
GreedyMIS,1000,0.01,758,0.00047588348388671875
NeighborCover,1000,0.01,758,0.004881143569946289
ParallelNeighborCover,1000,0.01,770,0.0012440681457519531
LP_Rounding,1000,0.01,1000,0.09561419486999512
GreedyMIS,1000,0.01,749,0.0004749298095703125
NeighborCover,1000,0.01,760,0.0051152706146240234
ParallelNeighborCover,1000,0.01,755,0.0011272430419921875
LP_Rounding,1000,0.01,1000,0.10901808738708496
GreedyMIS,1000,0.005,633,0.0004248619079589844
NeighborCover,1000,0.005,642,0.00806117057800293
ParallelNeighborCover,1000,0.005,655,0.00115203857421875
LP_Rounding,1000,0.005,992,0.0724787712097168
GreedyMIS,1000,0.005,639,0.00045013427734375
NeighborCover,1000,0.005,643,0.008098125457763672
ParallelNeighborCover,1000,0.005,632,0.0010411739349365234
LP_Rounding,1000,0.005,990,0.06943988800048828
GreedyMIS,1000,0.005,646,0.00041794776916503906
NeighborCover,1000,0.005,640,0.008087635040283203
ParallelNeighborCover,1000,0.005,637,0.0009469985961914062
LP_Rounding,1000,0.005,991,0.08084893226623535
GreedyMIS,1000,0.003,539,0.0004990100860595703
NeighborCover,1000,0.003,539,0.011181831359863281
ParallelNeighborCover,1000,0.003,550,0.0008749961853027344
LP_Rounding,1000,0.003,840,0.0873558521270752
GreedyMIS,1000,0.003,518,0.00047898292541503906
NeighborCover,1000,0.003,533,0.011626005172729492
ParallelNeighborCover,1000,0.003,518,0.0008831024169921875
LP_Rounding,1000,0.003,750,0.0553128719329834
GreedyMIS,1000,0.003,520,0.00046896934509277344
NeighborCover,1000,0.003,543,0.010689020156860352
ParallelNeighborCover,1000,0.003,529,0.0010786056518554688
LP_Rounding,1000,0.003,858,0.05886483192443848
GreedyMIS,1000,0.002,451,0.0004520416259765625
NeighborCover,1000,0.002,449,0.013775110244750977
ParallelNeighborCover,1000,0.002,458,0.000888824462890625
LP_Rounding,1000,0.002,395,0.044877052307128906
GreedyMIS,1000,0.002,460,0.0004439353942871094
NeighborCover,1000,0.002,444,0.013942241668701172
ParallelNeighborCover,1000,0.002,446,0.0007929801940917969
LP_Rounding,1000,0.002,454,0.04504799842834473
GreedyMIS,1000,0.002,445,0.0004858970642089844
NeighborCover,1000,0.002,458,0.013520002365112305
ParallelNeighborCover,1000,0.002,428,0.0008931159973144531
LP_Rounding,1000,0.002,382,0.04714322090148926
GreedyMIS,1000,0.0005,203,0.0004532337188720703
NeighborCover,1000,0.0005,198,0.022142887115478516
ParallelNeighborCover,1000,0.0005,197,0.0006079673767089844
LP_Rounding,1000,0.0005,183,0.03436112403869629
GreedyMIS,1000,0.0005,186,0.00048089027404785156
NeighborCover,1000,0.0005,185,0.02297806739807129
ParallelNeighborCover,1000,0.0005,180,0.0005979537963867188
LP_Rounding,1000,0.0005,170,0.03267812728881836
GreedyMIS,1000,0.0005,192,0.0004429817199707031
NeighborCover,1000,0.0005,181,0.022977113723754883
ParallelNeighborCover,1000,0.0005,191,0.0006132125854492188
LP_Rounding,1000,0.0005,172,0.05920720100402832
GreedyMIS,1500,0.03,1373,0.0008211135864257812
NeighborCover,1500,0.03,1364,0.0036187171936035156
ParallelNeighborCover,1500,0.03,1380,0.002315044403076172
LP_Rounding,1500,0.03,1500,0.49637413024902344
GreedyMIS,1500,0.03,1377,0.0006000995635986328
NeighborCover,1500,0.03,1371,0.0037660598754882812
ParallelNeighborCover,1500,0.03,1371,0.002847909927368164
LP_Rounding,1500,0.03,1500,0.5333712100982666
GreedyMIS,1500,0.03,1372,0.0006551742553710938
NeighborCover,1500,0.03,1375,0.003776073455810547
ParallelNeighborCover,1500,0.03,1374,0.0028181076049804688
LP_Rounding,1500,0.03,1500,0.5189540386199951
GreedyMIS,1500,0.02,1325,0.0006000995635986328
NeighborCover,1500,0.02,1331,0.00500798225402832
ParallelNeighborCover,1500,0.02,1335,0.002302885055541992
LP_Rounding,1500,0.02,1500,0.35078883171081543
GreedyMIS,1500,0.02,1326,0.0006117820739746094
NeighborCover,1500,0.02,1324,0.005390167236328125
ParallelNeighborCover,1500,0.02,1327,0.002370119094848633
LP_Rounding,1500,0.02,1500,0.3956899642944336
GreedyMIS,1500,0.02,1325,0.0006809234619140625
NeighborCover,1500,0.02,1329,0.005113840103149414
ParallelNeighborCover,1500,0.02,1321,0.002511262893676758
LP_Rounding,1500,0.02,1500,0.33807897567749023
GreedyMIS,1500,0.01,1214,0.0006000995635986328
NeighborCover,1500,0.01,1228,0.00900888442993164
ParallelNeighborCover,1500,0.01,1226,0.002039670944213867
LP_Rounding,1500,0.01,1500,0.1781177520751953
GreedyMIS,1500,0.01,1232,0.0006582736968994141
NeighborCover,1500,0.01,1226,0.008746147155761719
ParallelNeighborCover,1500,0.01,1230,0.00226593017578125
LP_Rounding,1500,0.01,1500,0.227402925491333
GreedyMIS,1500,0.01,1227,0.0007688999176025391
NeighborCover,1500,0.01,1220,0.008617877960205078
ParallelNeighborCover,1500,0.01,1227,0.002192974090576172
LP_Rounding,1500,0.01,1500,0.18033194541931152
GreedyMIS,1500,0.005,1075,0.0006468296051025391
NeighborCover,1500,0.005,1062,0.014815092086791992
ParallelNeighborCover,1500,0.005,1054,0.0018658638000488281
LP_Rounding,1500,0.005,1499,0.15430998802185059
GreedyMIS,1500,0.005,1065,0.0006158351898193359
NeighborCover,1500,0.005,1062,0.015337944030761719
ParallelNeighborCover,1500,0.005,1081,0.0016241073608398438
LP_Rounding,1500,0.005,1500,0.12172818183898926
GreedyMIS,1500,0.005,1098,0.0006136894226074219
NeighborCover,1500,0.005,1068,0.015238761901855469
ParallelNeighborCover,1500,0.005,1077,0.0018010139465332031
LP_Rounding,1500,0.005,1499,0.12017512321472168
GreedyMIS,1500,0.003,933,0.0006308555603027344
NeighborCover,1500,0.003,927,0.021773099899291992
ParallelNeighborCover,1500,0.003,935,0.0015821456909179688
LP_Rounding,1500,0.003,1479,0.09827971458435059
GreedyMIS,1500,0.003,939,0.0007150173187255859
NeighborCover,1500,0.003,930,0.02192521095275879
ParallelNeighborCover,1500,0.003,931,0.0015118122100830078
LP_Rounding,1500,0.003,1469,0.12300586700439453
GreedyMIS,1500,0.003,921,0.0007598400115966797
NeighborCover,1500,0.003,940,0.02013087272644043
ParallelNeighborCover,1500,0.003,914,0.0016109943389892578
LP_Rounding,1500,0.003,1478,0.09466814994812012
GreedyMIS,1500,0.002,816,0.0007119178771972656
NeighborCover,1500,0.002,814,0.02589702606201172
ParallelNeighborCover,1500,0.002,800,0.0014102458953857422
LP_Rounding,1500,0.002,1236,0.08272290229797363
GreedyMIS,1500,0.002,826,0.0007448196411132812
NeighborCover,1500,0.002,813,0.026679039001464844
ParallelNeighborCover,1500,0.002,818,0.0013461112976074219
LP_Rounding,1500,0.002,1318,0.08084416389465332
GreedyMIS,1500,0.002,813,0.0006515979766845703
NeighborCover,1500,0.002,821,0.026440143585205078
ParallelNeighborCover,1500,0.002,812,0.001313924789428711
LP_Rounding,1500,0.002,1347,0.08007216453552246
GreedyMIS,1500,0.0005,357,0.0006000995635986328
NeighborCover,1500,0.0005,368,0.04955005645751953
ParallelNeighborCover,1500,0.0005,355,0.0009808540344238281
LP_Rounding,1500,0.0005,327,0.041043996810913086
GreedyMIS,1500,0.0005,369,0.0006299018859863281
NeighborCover,1500,0.0005,354,0.05058002471923828
ParallelNeighborCover,1500,0.0005,368,0.0009732246398925781
LP_Rounding,1500,0.0005,328,0.041135311126708984
GreedyMIS,1500,0.0005,368,0.0006048679351806641
NeighborCover,1500,0.0005,374,0.04965686798095703
ParallelNeighborCover,1500,0.0005,385,0.0009799003601074219
LP_Rounding,1500,0.0005,342,0.04292893409729004
GreedyMIS,2000,0.03,1853,0.0008561611175537109
NeighborCover,2000,0.03,1860,0.004765987396240234
ParallelNeighborCover,2000,0.03,1867,0.0035638809204101562
LP_Rounding,2000,0.03,2000,0.9161570072174072
GreedyMIS,2000,0.03,1872,0.00109100341796875
NeighborCover,2000,0.03,1862,0.004731893539428711
ParallelNeighborCover,2000,0.03,1860,0.003648042678833008
LP_Rounding,2000,0.03,2000,0.8810889720916748
GreedyMIS,2000,0.03,1863,0.0007979869842529297
NeighborCover,2000,0.03,1869,0.005273103713989258
ParallelNeighborCover,2000,0.03,1866,0.00347900390625
LP_Rounding,2000,0.03,2000,0.9333407878875732
GreedyMIS,2000,0.02,1822,0.0008790493011474609
NeighborCover,2000,0.02,1826,0.00642085075378418
ParallelNeighborCover,2000,0.02,1809,0.0032248497009277344
LP_Rounding,2000,0.02,2000,0.5808408260345459
GreedyMIS,2000,0.02,1818,0.000820159912109375
NeighborCover,2000,0.02,1820,0.0065310001373291016
ParallelNeighborCover,2000,0.02,1824,0.0031371116638183594
LP_Rounding,2000,0.02,2000,0.6097290515899658
GreedyMIS,2000,0.02,1805,0.0010068416595458984
NeighborCover,2000,0.02,1813,0.006763935089111328
ParallelNeighborCover,2000,0.02,1811,0.0033507347106933594
LP_Rounding,2000,0.02,2000,0.5806789398193359
GreedyMIS,2000,0.01,1697,0.0007729530334472656
NeighborCover,2000,0.01,1698,0.012148141860961914
ParallelNeighborCover,2000,0.01,1696,0.003345012664794922
LP_Rounding,2000,0.01,2000,0.333629846572876
GreedyMIS,2000,0.01,1696,0.0009388923645019531
NeighborCover,2000,0.01,1703,0.011831045150756836
ParallelNeighborCover,2000,0.01,1700,0.0031747817993164062
LP_Rounding,2000,0.01,2000,0.3183779716491699
GreedyMIS,2000,0.01,1698,0.0007989406585693359
NeighborCover,2000,0.01,1702,0.011571884155273438
ParallelNeighborCover,2000,0.01,1701,0.003033161163330078
LP_Rounding,2000,0.01,2000,0.3238101005554199
GreedyMIS,2000,0.005,1513,0.0008456707000732422
NeighborCover,2000,0.005,1528,0.02021312713623047
ParallelNeighborCover,2000,0.005,1525,0.002377033233642578
LP_Rounding,2000,0.005,2000,0.21608281135559082
GreedyMIS,2000,0.005,1531,0.0007579326629638672
NeighborCover,2000,0.005,1531,0.020924091339111328
ParallelNeighborCover,2000,0.005,1539,0.0022726058959960938
LP_Rounding,2000,0.005,2000,0.19168710708618164
GreedyMIS,2000,0.005,1522,0.0007939338684082031
NeighborCover,2000,0.005,1525,0.020905017852783203
ParallelNeighborCover,2000,0.005,1527,0.0028879642486572266
LP_Rounding,2000,0.005,2000,0.21699285507202148
GreedyMIS,2000,0.003,1333,0.0012202262878417969
NeighborCover,2000,0.003,1345,0.029532909393310547
ParallelNeighborCover,2000,0.003,1348,0.002437114715576172
LP_Rounding,2000,0.003,1995,0.1463942527770996
GreedyMIS,2000,0.003,1341,0.0009522438049316406
NeighborCover,2000,0.003,1341,0.03018808364868164
ParallelNeighborCover,2000,0.003,1352,0.002131938934326172
LP_Rounding,2000,0.003,1992,0.17113709449768066
GreedyMIS,2000,0.003,1347,0.0009210109710693359
NeighborCover,2000,0.003,1337,0.030952930450439453
ParallelNeighborCover,2000,0.003,1333,0.002373218536376953
LP_Rounding,2000,0.003,1991,0.1511988639831543
GreedyMIS,2000,0.002,1211,0.0008289813995361328
NeighborCover,2000,0.002,1208,0.03716707229614258
ParallelNeighborCover,2000,0.002,1212,0.002231121063232422
LP_Rounding,2000,0.002,1937,0.11909890174865723
GreedyMIS,2000,0.002,1209,0.0008251667022705078
NeighborCover,2000,0.002,1194,0.03776812553405762
ParallelNeighborCover,2000,0.002,1170,0.001947164535522461
LP_Rounding,2000,0.002,1951,0.12206912040710449
GreedyMIS,2000,0.002,1190,0.0014219284057617188
NeighborCover,2000,0.002,1182,0.03954887390136719
ParallelNeighborCover,2000,0.002,1209,0.001905202865600586
LP_Rounding,2000,0.002,1957,0.12287592887878418
GreedyMIS,2000,0.0005,617,0.0007872581481933594
NeighborCover,2000,0.0005,637,0.07561087608337402
ParallelNeighborCover,2000,0.0005,633,0.001920938491821289
LP_Rounding,2000,0.0005,560,0.05481910705566406
GreedyMIS,2000,0.0005,630,0.0009472370147705078
NeighborCover,2000,0.0005,605,0.07481026649475098
ParallelNeighborCover,2000,0.0005,610,0.0013849735260009766
LP_Rounding,2000,0.0005,538,0.053585052490234375
GreedyMIS,2000,0.0005,597,0.0007717609405517578
NeighborCover,2000,0.0005,603,0.07600092887878418
ParallelNeighborCover,2000,0.0005,608,0.0016057491302490234
LP_Rounding,2000,0.0005,537,0.05359292030334473
GreedyMIS,5000,0.03,4839,0.002123117446899414
NeighborCover,5000,0.03,4832,0.01815485954284668
ParallelNeighborCover,5000,0.03,4839,0.010264873504638672
LP_Rounding,5000,0.03,5000,6.637774705886841
GreedyMIS,5000,0.03,4837,0.0019421577453613281
NeighborCover,5000,0.03,4834,0.01379704475402832
ParallelNeighborCover,5000,0.03,4831,0.010883092880249023
LP_Rounding,5000,0.03,5000,6.7146079540252686
GreedyMIS,5000,0.03,4841,0.002532958984375
NeighborCover,5000,0.03,4834,0.01358795166015625
ParallelNeighborCover,5000,0.03,4830,0.012602806091308594
LP_Rounding,5000,0.03,5000,6.9487879276275635
GreedyMIS,5000,0.02,4769,0.0020599365234375
NeighborCover,5000,0.02,4766,0.01922893524169922
ParallelNeighborCover,5000,0.02,4771,0.010307788848876953
LP_Rounding,5000,0.02,5000,3.9941177368164062
GreedyMIS,5000,0.02,4769,0.0024657249450683594
NeighborCover,5000,0.02,4777,0.05513596534729004
ParallelNeighborCover,5000,0.02,4771,0.013273954391479492
LP_Rounding,5000,0.02,5000,4.125394821166992
GreedyMIS,5000,0.02,4784,0.0019121170043945312
NeighborCover,5000,0.02,4767,0.01989889144897461
ParallelNeighborCover,5000,0.02,4766,0.010512828826904297
LP_Rounding,5000,0.02,5000,4.553325891494751
GreedyMIS,5000,0.01,4608,0.002441883087158203
NeighborCover,5000,0.01,4611,0.03421497344970703
ParallelNeighborCover,5000,0.01,4614,0.00874781608581543
LP_Rounding,5000,0.01,5000,1.9213340282440186
GreedyMIS,5000,0.01,4601,0.001990079879760742
NeighborCover,5000,0.01,4605,0.03499603271484375
ParallelNeighborCover,5000,0.01,4599,0.008197784423828125
LP_Rounding,5000,0.01,5000,1.8433558940887451
GreedyMIS,5000,0.01,4607,0.0019931793212890625
NeighborCover,5000,0.01,4606,0.03528928756713867
ParallelNeighborCover,5000,0.01,4617,0.008065938949584961
LP_Rounding,5000,0.01,5000,1.9534859657287598
GreedyMIS,5000,0.005,4321,0.00193023681640625
NeighborCover,5000,0.005,4347,0.06512999534606934
ParallelNeighborCover,5000,0.005,4364,0.006992816925048828
LP_Rounding,5000,0.005,5000,0.9510002136230469
GreedyMIS,5000,0.005,4351,0.0020630359649658203
NeighborCover,5000,0.005,4361,0.062470197677612305
ParallelNeighborCover,5000,0.005,4335,0.007530927658081055
LP_Rounding,5000,0.005,5000,0.9525320529937744
GreedyMIS,5000,0.005,4338,0.0019388198852539062
NeighborCover,5000,0.005,4346,0.06288313865661621
ParallelNeighborCover,5000,0.005,4351,0.0069141387939453125
LP_Rounding,5000,0.005,5000,0.9426617622375488
GreedyMIS,5000,0.003,4083,0.0019221305847167969
NeighborCover,5000,0.003,4089,0.09539604187011719
ParallelNeighborCover,5000,0.003,4076,0.006186962127685547
LP_Rounding,5000,0.003,5000,0.6132161617279053
GreedyMIS,5000,0.003,4094,0.0020837783813476562
NeighborCover,5000,0.003,4107,0.09204292297363281
ParallelNeighborCover,5000,0.003,4104,0.006453037261962891
LP_Rounding,5000,0.003,5000,0.584712028503418
GreedyMIS,5000,0.003,4077,0.0020911693572998047
NeighborCover,5000,0.003,4070,0.0957651138305664
ParallelNeighborCover,5000,0.003,4062,0.006864786148071289
LP_Rounding,5000,0.003,5000,0.5902447700500488
GreedyMIS,5000,0.002,3803,0.00185394287109375
NeighborCover,5000,0.002,3806,0.12758398056030273
ParallelNeighborCover,5000,0.002,3817,0.005775928497314453
LP_Rounding,5000,0.002,5000,0.4660818576812744
GreedyMIS,5000,0.002,3800,0.002379894256591797
NeighborCover,5000,0.002,3806,0.1290750503540039
ParallelNeighborCover,5000,0.002,3797,0.005942106246948242
LP_Rounding,5000,0.002,5000,0.4635436534881592
GreedyMIS,5000,0.002,3813,0.0018639564514160156
NeighborCover,5000,0.002,3826,0.12525677680969238
ParallelNeighborCover,5000,0.002,3810,0.005670070648193359
LP_Rounding,5000,0.002,5000,0.4626491069793701
GreedyMIS,5000,0.0005,2534,0.0020008087158203125
NeighborCover,5000,0.0005,2506,0.31516313552856445
ParallelNeighborCover,5000,0.0005,2494,0.0041370391845703125
LP_Rounding,5000,0.0005,2334,0.21806693077087402
GreedyMIS,5000,0.0005,2466,0.0018372535705566406
NeighborCover,5000,0.0005,2505,0.32176899909973145
ParallelNeighborCover,5000,0.0005,2467,0.004005908966064453
LP_Rounding,5000,0.0005,2608,0.19335484504699707
GreedyMIS,5000,0.0005,2532,0.0019261837005615234
NeighborCover,5000,0.0005,2495,0.3173408508300781
ParallelNeighborCover,5000,0.0005,2452,0.004420042037963867
LP_Rounding,5000,0.0005,2255,0.21845078468322754
